time,score,people
2017,7.0,115781
2017,7.3,87641
2016,7.5,12340
1998,9.2,637363
2017,7.0,8239
1994,9.4,810496
2010,8.9,529141
2017,4.3,22423
2017,5.6,40432
2017,8.3,300457
2017,6.4,10532
2016,8.5,365731
2017,5.3,51022
2017,7.2,140791
2017,9.2,475557
1993,9.5,605586
2017,5.1,17310
2017,8.5,10399
1997,9.5,403732
1995,8.8,362652
2017,7.2,25761
2017,8.1,18555
1990,8.7,469194
2017,5.5,14055
1953,8.9,377584
2004,8.5,265178
2017,5.0,7739
2017,4.1,6751
1995,8.7,208843
2013,8.6,181440
2008,9.3,488980
2005,8.4,283834
2014,8.9,385350
1994,8.6,312979
2017,3.0,10947
2001,8.7,469483
1940,9.2,265748
2003,8.2,217997
2012,8.2,426998
2016,7.6,239215
2010,8.0,315105
2017,6.9,103185
2015,8.7,223701
2015,9.6,136143
2000,8.7,330897
2000,8.5,230021
2017,7.5,10270
2004,8.7,189493
2004,8.8,336969
2017,9.1,4967
1999,8.5,287486
2006,8.6,304023
2007,8.1,230088
2007,8.3,274296
1997,8.8,233108
2012,7.3,257684
2003,8.1,303794
2016,7.5,86554
2008,8.7,379875
2017,6.5,116289
2003,8.5,295673
1994,9.4,692988
2015,7.8,268082
2011,7.8,271881
2017,6.6,25849
2009,8.9,486921
2014,8.7,330664
2009,8.0,298519
2011,8.6,233227
2017,6.4,83344
2016,5.3,151354
2014,7.3,40853
2017,5.3,3957
2012,8.1,481921
2009,7.7,264467
2016,8.6,132338
2016,6.3,69254
2011,9.1,657229
2013,8.7,105111
2014,8.3,212055
2016,7.9,98225
2015,7.6,1200
2016,9.5,26278
2015,8.5,152779
2009,8.5,266395
1993,8.4,203303
2015,8.3,163061
2016,8.7,49665
1997,8.0,83316
1995,8.8,159021
2002,8.9,296663
2007,7.6,239414
2016,7.7,8823
2013,8.1,108327
2004,9.0,25790
2013,7.7,253252
2011,8.7,144600
2004,8.4,135444
2015,7.4,335919
2017,4.8,18928
1995,8.5,91129
1999,7.9,180425
2005,8.1,139606
2002,8.3,259960
1992,8.1,88263
2016,8.2,120602
1940,8.8,123913
2007,8.3,193095
2017,6.6,3351
2007,8.2,136255
2006,8.9,268958
2017,7.0,9442
2004,7.9,191034
2014,8.6,80258
2006,8.6,176287
2016,7.4,87607
2016,7.6,83453
2017,5.4,1482
2017,7.0,846
2009,7.3,264845
1943,8.6,117041
2013,8.3,95505
2016,5.7,49860
2015,8.1,270224
2016,8.3,47694
2001,8.1,253653
2017,3.7,987
2016,8.3,103988
1992,8.9,313028
2016,7.4,356338
2017,7.4,3335
2011,7.3,369321
1989,8.2,84276
2008,8.0,51576
1990,8.5,166759
2005,8.1,204338
2016,8.2,44971
2016,7.7,1101
2016,6.8,384692
2015,5.6,7316
1965,8.9,224691
2006,8.0,174533
1988,8.3,123307
2017,6.8,268934
1997,8.4,165709
2017,4.4,257
2008,7.8,157577
2016,6.9,30550
2014,7.5,35416
2017,7.6,3011
1986,9.0,324375
2012,8.9,127175
2009,8.5,380764
2004,7.8,146328
2016,8.4,31720
2016,8.5,27588
2016,6.5,145955
2015,7.2,175269
2010,6.6,179917
1994,8.6,237105
2016,6.5,218777
2006,8.2,89663
2015,8.1,107738
2015,6.5,11195
2011,9.0,50957
2016,4.0,138805
2017,4.9,4953
2016,8.2,8728
2016,7.2,8970
1994,9.0,186023
2005,8.6,216350
1980,8.0,46428
2013,8.3,138373
1988,9.1,303991
2016,7.9,24191
2013,7.3,69220
2017,7.8,989
1990,8.2,133512
2016,8.0,81690
2003,7.7,127709
2008,7.7,159536
2015,7.5,40155
2017,,
2017,4.1,2233
2013,8.7,51203
2011,8.1,73839
2011,8.2,165808
2009,7.7,166099
2008,6.5,237256
2017,5.0,1963
2014,3.9,705
1993,8.5,59175
2004,7.8,110379
2017,4.1,2401
1979,8.3,17384
2007,8.7,74062
2001,8.0,113334
2014,8.1,1050
2014,5.8,151652
2009,7.5,197531
2015,5.4,115393
2005,8.1,86015
2007,8.2,148788
2005,7.0,93096
2007,8.3,209715
2005,7.6,241260
1961,8.1,115638
2006,7.8,164809
2004,7.4,119211
2016,5.1,66477
2013,7.8,80743
1991,9.4,77984
2015,7.4,65909
1994,8.8,143920
1995,8.1,65670
2004,8.0,87157
2015,6.4,36279
2002,8.5,86302
2017,9.1,336
2017,5.8,22690
2014,6.6,323673
2017,6.5,7747
1992,8.2,33988
2017,9.4,5205
2016,6.5,2277
2017,7.7,131766
2008,7.1,246782
1998,8.1,109605
1993,7.9,158424
2010,7.1,153710
2017,7.7,2036
2016,7.3,97521
2014,7.4,15914
1952,8.9,88802
2000,8.0,37853
2001,7.8,136440
2005,7.6,147135
2016,6.1,71022
2005,8.6,52173
2015,7.7,47259
2017,6.4,773
2008,8.3,123469
2017,7.3,7452
2007,7.0,152356
1993,8.3,295770
2013,8.9,63271
1990,7.9,85203
2017,7.3,2388
2013,7.9,40569
2010,8.2,55118
2017,8.3,1810
2016,8.8,10741
2014,7.1,18641
2013,8.3,57049
2000,7.8,88350
2016,7.1,41517
2013,7.8,96035
2016,8.7,16262
2014,7.7,170793
2005,6.2,114693
2017,6.7,1638
2014,5.3,140099
2017,8.7,4840
1971,8.6,32578
1988,7.6,73117
2014,7.0,240569
2013,4.7,237125
1996,8.3,56245
2004,8.0,94602
2016,4.0,68586
1993,8.1,65501
2017,6.6,3776
2015,8.2,62126
1993,8.0,63519
2007,7.9,169124
2017,7.2,156315
2009,8.7,87374
2014,8.4,33598
2017,6.5,745
2015,8.7,92848
2000,8.0,81811
2017,8.4,691
2001,7.9,84331
2016,7.7,43705
1977,8.5,42238
2014,8.5,49325
2015,5.1,4679
2016,7.1,31880
2014,9.2,42992
2013,5.7,118721
2013,8.6,72741
2011,8.0,38720
1962,7.7,40538
2008,7.6,107793
2014,7.8,49690
1996,7.2,43660
2012,7.9,117268
2010,7.0,126196
2009,8.0,107107
2016,6.4,20793
2016,6.4,42164
2017,9.1,67319
2011,8.3,383774
2009,7.5,81997
2015,7.6,979
2014,4.3,125720
2005,7.5,62304
2016,5.4,48902
2009,6.5,147840
2014,8.3,286731
2017,5.7,3359
2012,7.7,135692
2015,6.8,114808
2013,5.8,99653
2017,7.3,833
2009,7.4,110273
1991,8.7,133503
2013,6.7,67850
2015,8.2,31869
1987,8.4,43810
2001,7.5,129458
2017,8.6,115141
2016,8.1,5384
1967,8.2,22041
2003,8.2,53868
1996,9.1,39647
2005,8.4,83345
2012,6.5,60364
2016,8.3,6049
2014,8.1,62211
2014,6.3,28836
2014,7.7,1899
1999,8.2,59571
2010,8.6,294037
1967,7.9,109852
1934,8.7,22972
2015,7.7,268641
2007,8.1,107537
2007,8.1,48749
2007,7.9,312317
2011,8.9,120552
2010,6.4,102423
1987,8.7,23911
2012,8.2,69083
1990,8.0,26761
2006,7.6,101564
2013,7.1,340624
2015,8.4,6887
2013,5.6,123049
2017,8.1,562
1995,8.8,288463
2005,8.5,2717
2009,8.4,64906
2016,7.5,147194
2016,8.0,90111
2017,7.4,27742
2015,4.9,108856
2014,8.3,66142
2014,8.4,10476
2015,8.8,34831
2016,7.6,13214
2017,9.1,16993
1995,8.7,259278
2011,7.7,62559
2014,7.1,158737
1998,7.9,115322
2016,7.6,642
2016,7.2,56494
2012,8.7,205094
2014,5.0,171111
2016,5.0,19811
2010,6.5,222456
2012,9.1,56253
2010,7.7,64515
2016,7.6,13200
2014,7.1,94558
2015,6.5,46147
2011,7.6,35688
1993,8.8,129125
2007,7.6,46869
2001,7.3,32478
2015,7.5,57898
2011,6.8,215817
2014,8.9,15610
1993,9.0,76201
2017,7.1,6462
2015,3.6,90368
1993,7.8,27661
1992,7.7,94603
2004,8.7,367700
2012,7.8,8429
2010,8.1,112047
2004,8.1,135654
2015,4.3,40296
2017,4.0,19414
2011,8.1,85266
2012,6.9,171694
2016,8.2,6528
2017,4.4,8664
2005,8.3,57411
1990,7.7,64025
2012,7.5,76206
2013,7.4,58979
2013,8.3,136721
2013,8.7,29106
2017,3.8,2634
2016,7.7,7980
2017,5.9,696
2006,8.3,118009
2012,8.4,169609
2013,4.9,133291
2012,8.5,46807
2012,7.3,211380
1987,8.5,34725
2002,6.7,120060
2017,,
2017,7.4,5349
2014,6.1,113188
2003,7.7,72809
1994,8.4,49934
2002,8.6,52453
1998,7.8,70579
1994,8.3,43360
2003,8.1,30255
2014,8.8,19000
2016,7.4,47827
1995,8.1,34715
2001,6.7,97079
2013,8.5,57972
2001,7.5,169478
2015,4.6,84992
2017,3.6,1685
1998,8.2,73599
2016,5.3,12370
2000,7.8,58761
2005,7.5,85480
2015,5.6,49595
2013,8.4,81652
2015,7.5,194010
2017,,
1994,8.7,56367
1999,8.4,172711
2016,7.3,670
2014,8.0,26114
1995,9.2,77884
2009,7.4,38212
2008,8.6,13323
2016,7.3,379
2007,7.5,63694
2006,7.1,101262
2006,7.8,75781
2005,7.5,85575
2015,8.6,36037
2017,6.3,6802
2009,7.6,64691
2012,8.2,39679
2012,6.2,80540
2017,7.4,1654
1988,8.1,46138
2016,4.7,43228
2009,7.1,106279
2011,7.6,18416
2005,8.9,48098
1993,8.4,64641
1959,8.8,19338
2000,7.8,64220
2015,5.9,33919
2012,5.9,158019
2010,7.7,59911
2014,8.9,6077
2004,9.2,36254
2012,8.6,50038
2014,5.9,25232
2012,8.4,70515
2017,5.6,559
2014,7.4,39091
2012,7.0,184050
2000,8.5,45887
2017,6.0,2827
1993,8.3,39369
2001,7.0,50049
2016,7.5,5475
2010,8.3,63229
2017,6.9,46137
2014,5.1,69589
1955,8.5,71109
2004,7.9,78431
2007,8.0,176246
2004,8.1,49096
1946,9.2,31047
2016,8.3,13169
1960,8.7,15119
2015,5.8,94146
2015,6.4,7563
2015,6.2,51429
1999,8.6,21201
2010,7.6,62588
2009,8.9,226946
2017,5.2,1381
2012,8.3,72118
1992,8.1,76455
1999,8.6,58456
2017,5.2,963
2013,6.2,59120
2002,7.0,115105
2015,4.1,80557
2017,6.7,419
2011,6.8,115235
2016,6.8,16386
1991,8.5,57062
2009,7.4,44582
1964,8.0,44911
1998,7.8,40306
1993,8.2,27944
2016,5.1,41526
2004,8.0,68299
2014,5.8,116278
2016,8.9,8126
2013,8.3,7264
2016,4.1,5621
2015,6.4,33743
1992,7.9,52821
1995,7.8,55257
2009,8.1,14781
2016,8.6,13759
2006,8.0,93507
1987,9.5,57847
1931,9.2,39456
1994,7.4,69881
1994,7.7,17438
2011,7.3,48870
2017,4.7,2224
2006,7.7,74621
2017,,
2016,8.0,17797
2017,5.5,3959
2014,7.4,173334
2017,6.9,8818
2009,8.3,119605
2016,7.4,4909
2015,7.7,11616
1999,7.8,12226
2002,7.2,78804
2017,8.4,7230
2005,4.8,103381
2014,5.5,72547
1940,8.2,32921
1988,8.8,11901
1986,7.4,19019
1957,9.6,79413
2002,7.0,33147
2015,6.0,58367
2017,,
2002,7.6,54906
1988,8.7,104141
2016,7.4,59329
2011,4.4,85260
2009,7.2,141316
2001,7.9,161910
2011,7.4,42850
1995,7.0,1734
2013,4.8,38681
2015,7.3,7762
1962,8.4,19689
2017,5.6,3024
2010,8.3,27918
2016,7.2,865
2016,7.5,697
2004,8.5,103796
2017,7.8,6275
1999,7.7,26139
2012,7.4,27909
2011,5.9,90636
2017,5.8,3503
2016,4.8,27713
2017,5.7,735
2007,7.4,42809
2016,5.6,12790
1998,8.1,146864
1993,7.7,42473
1991,8.2,25436
2007,8.1,32422
1990,8.2,27322
2012,3.2,982
1986,8.9,34815
2014,5.6,88732
2012,7.8,16443
1993,8.6,78428
2006,7.6,4429
2009,7.5,55100
2002,7.9,33825
2011,8.4,214254
2009,7.7,87655
2016,8.7,16998
2017,7.3,3527
2010,7.3,75913
2010,6.3,200607
2012,7.5,67755
2015,6.5,37871
2013,8.5,204422
1991,8.1,26020
2004,6.7,66754
1993,7.8,15238
2004,8.5,22487
2010,5.6,171958
1991,7.3,44520
2017,9.1,1364
2016,6.4,6752
2008,8.2,167778
2001,7.5,40597
2015,7.2,23783
2004,7.2,62644
1985,8.5,51347
2016,4.7,10769
2016,8.2,16988
2017,5.3,1472
2015,5.3,368
2009,8.8,39120
2011,6.0,44210
2013,7.3,17514
2017,8.5,478
2003,7.3,40343
2017,6.7,3312
1997,7.7,36469
1994,7.8,22225
2000,8.0,30812
2016,7.3,29854
1998,7.9,41608
2012,7.4,25655
2014,7.7,77134
2003,7.4,30439
2007,7.9,32676
2011,6.6,76505
1993,8.1,46559
2016,7.6,17532
2016,8.0,15475
2016,8.7,9555
2017,6.1,1101
2010,5.9,97694
2010,7.3,17324
1998,8.5,34810
1998,7.9,48913
2012,7.1,47882
2000,6.8,32849
2015,6.8,9775
2016,6.1,2595
2017,6.7,8345
2017,9.2,1332
2017,5.6,208665
2004,8.7,55967
2006,7.2,99387
1986,7.7,29645
2017,6.3,2556
2008,7.7,31792
2015,5.7,205253
2001,7.4,48041
2017,6.4,1819
2017,7.2,12888
2016,5.2,3959
2007,7.4,22529
2013,7.1,37353
2017,7.8,1027
2009,7.9,122651
2012,7.5,124405
2013,7.1,12718
2008,8.1,859
2011,7.9,58944
1957,9.0,11185
1999,7.1,69799
1980,8.5,8215
2016,7.6,15853
1988,8.2,88795
2004,6.9,94131
2011,5.6,27976
2014,6.9,110849
2015,7.5,24519
1996,7.4,23705
2016,7.3,36234
2013,7.2,57688
2005,7.8,58612
2016,8.6,42121
2015,7.7,18205
2016,5.1,518
2001,7.9,31602
2017,5.6,851
2002,7.4,151021
2013,5.8,56499
2001,6.7,48050
2017,7.3,88310
2017,3.8,10699
2016,5.2,36724
2016,3.6,42313
2017,7.8,1119
2013,7.6,3604
2017,4.7,11824
2000,8.2,32473
1939,8.4,1576
2013,7.6,34045
1999,7.4,45742
1995,8.0,45310
2001,7.6,19039
2015,7.8,109908
2013,8.3,21119
2001,7.4,52368
2007,6.3,121186
2002,7.4,18981
2001,7.6,46497
2012,9.1,13915
2013,6.3,35102
2015,8.0,826
2016,7.0,1053
2014,5.8,64466
2012,8.3,19998
1994,7.9,34182
2012,7.5,51271
2015,5.7,41424
2015,6.1,7552
2016,5.0,18899
2014,4.8,32641
2015,8.1,41781
2016,5.9,7496
2003,9.3,20536
1994,8.0,73568
1975,8.1,10499
2006,6.9,85525
2015,7.4,9476
2015,8.3,37348
1994,8.7,10853
2012,6.7,204465
2014,5.4,72965
1996,8.4,3376
2006,7.3,45769
2001,7.2,92126
2007,7.3,23035
2003,8.5,16279
2016,7.2,170711
2017,6.4,5416
2012,8.0,40596
2017,4.4,5160
2000,8.1,51731
2009,7.6,87865
1974,8.5,13444
2013,7.4,1267
2017,3.3,5380
2005,7.2,22130
2014,6.2,109207
2015,7.5,19893
1995,7.7,48902
2004,8.1,5280
2011,5.6,82280
2017,8.5,150
2015,7.7,21663
2009,7.3,65204
2002,7.8,26840
1999,8.2,12845
2016,5.6,1074
1958,8.5,34132
2000,8.7,36093
2014,8.3,35496
2009,8.4,73707
1995,7.9,42626
2009,7.8,57192
2014,5.3,70726
2014,8.0,232151
1998,7.4,60513
1960,8.3,16126
2001,8.1,45762
2014,6.0,35557
1993,8.5,14992
2003,7.7,40377
2014,6.3,170962
2012,7.2,139952
2012,8.0,52781
2015,3.2,737
2016,9.3,13196
2004,7.8,51646
2010,7.2,42343
2016,6.4,109
2016,4.3,16086
2008,7.7,75940
2017,6.8,1543
2006,7.8,54114
2014,6.3,11621
2016,5.8,4140
1985,8.6,11333
1994,8.3,4713
2017,8.4,636
2013,5.5,85037
2016,7.6,11210
2015,5.0,40728
2011,6.9,22399
2017,8.1,4168
2016,7.7,2287
1991,7.0,7060
2014,8.4,11792
2013,6.5,11419
2016,7.7,11487
2014,6.8,28084
2017,7.9,482
2014,8.7,11001
2011,7.9,9591
2010,7.0,87034
2008,8.0,28499
2014,6.3,20940
2005,7.8,97286
2001,7.8,114995
2016,6.7,4358
1997,7.4,63023
2016,6.1,7830
2001,7.3,36481
2017,4.9,1440
2013,7.1,128123
2000,8.9,52932
1997,8.2,128619
2016,7.4,17476
2014,8.1,17982
2006,6.9,29835
2016,7.0,20424
2012,7.9,25543
2005,5.3,81212
2009,7.9,54108
2013,7.6,9345
2011,7.1,20823
2015,8.1,16119
2008,7.5,38704
2012,7.2,22240
1948,8.6,19645
2011,6.6,77842
1982,8.3,8688
2012,7.5,30311
2011,8.0,53988
2010,9.2,95032
1994,7.3,42995
2008,7.8,38456
2002,8.4,12988
2016,7.0,7765
2013,8.9,29760
2017,7.4,1617
1984,8.6,24413
2016,7.5,5893
2013,7.4,16014
1995,8.9,71617
2009,6.0,150214
2014,7.9,9371
2016,6.7,1218
2006,8.3,47492
2009,8.7,86323
2014,5.2,4575
2017,7.1,313
2014,8.0,10069
2016,6.7,8913
2015,8.2,15485
2012,6.8,143927
2010,6.6,70235
2013,7.5,8307
2017,6.2,935
2009,8.3,72838
2016,7.2,3150
2006,8.8,58420
2017,6.2,507
2017,6.0,807
1992,8.3,87251
1996,7.7,15064
1963,7.7,26548
2013,8.2,38197
2017,4.8,4274
1997,7.9,121409
2015,5.6,25808
2016,7.5,31384
2012,7.3,58824
2016,6.6,400
,8.5,28611
2013,8.0,264239
2016,6.1,6232
2006,7.5,23709
2003,8.8,19512
2000,7.2,23295
2003,6.9,93175
2009,7.6,66523
2009,7.1,18132
2015,4.6,4531
2016,4.7,21907
2008,8.7,19579
2017,6.5,315
2009,7.7,30875
2007,7.7,81154
2016,9.3,409
1992,7.7,86913
1979,8.0,13939
2014,4.5,56992
1991,8.2,33343
2015,8.7,68922
1997,8.1,13444
1974,8.4,4788
2017,5.9,920
2012,5.4,45406
2013,6.8,106520
1990,6.9,14906
2014,7.2,22638
2015,7.8,24732
1972,7.3,21860
2014,6.5,26176
2017,5.4,1114
2001,8.3,83428
2012,7.3,25429
2016,4.8,8095
1996,7.8,20898
2017,5.0,3353
2014,7.1,24872
2012,6.7,10415
2000,8.3,13451
1997,8.2,24829
2011,8.1,18163
2011,7.1,143137
2016,6.1,9796
2004,7.5,13792
2004,7.9,11219
2016,7.3,40366
2010,7.6,41985
2016,6.7,3746
2015,7.8,9171
2014,6.4,72162
2012,6.6,20139
1998,7.3,57991
2012,8.4,74128
2017,4.8,52366
2007,7.1,39410
2016,6.7,15879
2014,8.8,34341
2012,6.2,52145
2014,7.4,43021
2014,7.5,25183
2002,8.7,26047
1987,8.5,21230
2012,6.8,127334
2003,7.4,116642
1997,8.0,19541
1999,7.7,73537
2001,7.8,15952
2009,6.6,65857
2008,8.6,31887
2016,4.4,11547
1959,7.7,19746
2005,8.2,9176
1977,8.8,12123
2010,7.8,7298
2006,7.6,71644
1996,7.8,11603
2011,7.7,45351
2005,7.8,42246
2017,,
1999,7.4,23485
2009,7.4,20743
2002,8.3,7637
1998,7.8,90471
2014,6.5,60991
2005,7.3,18078
2016,7.1,11543
2004,8.7,34255
2006,9.1,83724
2012,9.0,4467
2008,6.7,56387
2009,7.3,37789
2016,7.1,5842
2005,8.2,2901
2009,4.1,16351
2012,7.2,40295
2017,3.9,707
2006,5.6,89545
2005,7.4,39900
2015,8.5,233180
2011,7.7,58500
2011,7.3,46382
2015,7.4,4614
2015,6.9,8595
2017,6.4,3508
2015,7.4,3864
1997,7.4,22375
1954,7.7,14094
2014,7.2,5722
2006,6.7,15792
2014,7.3,122990
2011,7.2,32688
2012,7.3,20398
2012,7.3,51637
2008,7.0,52455
2014,7.5,22245
2010,8.6,50298
1994,7.1,21858
2017,6.3,2045
2017,7.7,3320
1921,8.5,735
2002,7.1,17339
2010,6.5,18572
2010,7.0,74264
2017,8.6,1394
2016,7.1,6967
2017,8.1,218
2010,6.9,33952
2011,5.3,80221
2010,7.6,53440
2017,4.6,3191
2004,7.8,113369
1997,8.5,3516
1980,7.8,28891
1962,8.4,7867
1986,8.1,5360
2016,7.2,8067
2017,6.1,309
2010,7.5,88960
2012,8.5,58109
2017,8.5,190
1994,8.1,9272
2007,8.0,42321
2010,7.7,63992
2006,9.1,33556
2009,7.2,7753
2017,6.9,489
2016,7.1,13691
2017,4.8,3519
2012,7.6,16664
2014,8.5,11874
2017,6.5,107
2016,9.4,12452
2002,8.7,15399
2010,7.3,11070
2016,7.2,16158
2015,8.1,13982
2004,7.2,43166
2012,8.7,124526
2016,6.0,29064
2010,7.4,71976
2013,4.5,45460
2013,5.5,4964
2014,7.3,9389
2016,3.9,2496
2012,8.2,34472
1973,8.9,3760
1993,8.3,6858
2016,7.4,3335
1955,7.4,13843
2015,6.5,25459
2010,7.2,89818
2015,9.2,5078
2016,6.8,19460
2005,7.8,54195
2005,7.7,19721
2007,5.3,47230
2003,7.8,3857
2014,7.9,14453
1988,7.5,6244
2011,8.2,61011
1990,7.7,24510
,8.7,1340
2005,7.9,38975
1996,7.4,14264
2004,6.6,39212
2006,7.4,34682
2015,6.9,36310
2000,7.9,13103
2006,7.7,100478
2000,8.0,13998
2009,8.0,32631
2014,9.2,30724
2016,4.9,8286
2016,8.7,4422
2004,7.1,106308
2005,7.7,32025
2012,6.2,80381
2009,8.9,42993
2017,3.1,45720
2013,7.5,19028
2006,9.4,35467
2015,5.5,11574
2004,7.6,38123
2017,4.6,7684
2017,6.8,155
2016,5.7,17811
2004,8.8,3698
,,
2010,7.6,10888
,7.2,37072
2003,9.8,42432
2016,7.0,6293
2017,8.4,1292
2016,7.2,1759
2010,6.9,99758
2005,6.4,18308
2004,6.8,44742
2016,7.5,188
1996,8.6,103444
2017,5.2,1220
1961,8.8,4979
1995,7.7,14411
1995,8.1,14062
1998,8.5,21641
2016,6.3,14286
2008,7.5,46226
1992,7.3,13341
2009,8.3,30478
1977,8.3,3102
1999,7.8,12748
1992,8.4,44037
2015,3.9,39728
2011,6.9,60582
2004,6.9,28672
2008,7.6,15624
2013,8.5,38343
2017,5.8,5121
1996,8.2,14070
2014,5.3,30205
2008,7.6,39723
2011,7.2,46494
2017,,
2016,8.0,1768
2016,5.9,15484
2014,3.4,132
2007,7.3,12259
2014,8.0,30706
2013,6.7,13494
2011,5.6,55455
2006,7.4,14765
2011,9.2,25543
2007,7.3,38802
2012,8.4,22974
2009,7.2,43881
2008,6.7,45421
1998,8.4,89969
2012,6.9,10690
2012,4.6,2152
2008,7.6,65688
2014,8.2,13263
1997,8.0,76668
2003,4.6,18211
2014,7.0,1287
2014,8.3,8956
2016,5.8,86
2000,6.7,62929
1985,9.2,19783
1998,6.6,26178
2002,8.3,28545
2007,6.3,19648
2016,8.0,310
2016,9.0,16884
1997,7.7,10830
2011,7.8,29075
1994,8.8,14491
2011,7.2,113121
2016,3.4,10683
2017,5.1,2993
2017,7.6,1327
2015,7.5,2618
1995,8.1,22553
1998,7.8,14567
2017,,
2016,6.7,3886
2002,7.0,17192
2017,7.5,38362
2004,5.6,95938
2004,7.8,38930
2005,7.5,18997
2009,7.7,15970
2012,5.8,94877
2014,7.6,14072
2003,6.6,20886
2016,6.3,431
2017,6.6,26361
2010,7.3,15723
2014,7.3,36587
2015,6.2,26135
2012,8.9,47355
2015,5.8,39604
2012,8.7,21611
2017,3.8,893
2012,6.6,24198
2010,6.7,74931
2016,6.6,22843
2013,7.1,25123
2016,8.8,2948
2016,7.6,3025
2016,4.7,19416
2017,7.2,230
2015,7.1,7413
2017,2.0,358
2013,6.8,7353
2014,6.5,3804
2011,6.6,174976
2014,8.6,4958
2005,7.8,11489
1995,8.1,94928
2011,7.5,81721
1991,8.3,90867
1988,8.1,18134
2017,4.5,3585
1993,6.5,11481
2016,7.4,12237
2007,8.5,43411
2003,7.1,23253
2014,7.1,369028
2004,6.9,18851
2000,8.9,20249
2016,6.8,615
2005,8.9,39083
1996,8.4,25634
1997,7.3,13291
2007,7.2,11590
2008,9.3,12957
2016,4.5,12693
2015,6.7,8189
2004,5.9,54879
2008,9.3,99748
1997,8.7,76757
1990,7.5,12096
1998,8.6,12144
2014,7.6,16646
2004,7.3,32690
2005,6.9,56626
1996,8.2,4836
2013,8.0,4030
2011,6.2,35410
2013,8.9,39901
2000,8.5,9782
2008,6.9,61158
2011,8.3,36764
2015,3.6,409
2009,7.1,54511
2012,6.1,104646
2011,7.1,14609
2004,7.4,87013
2015,6.3,9847
2015,4.6,16549
2014,4.9,62188
2010,5.7,7430
2015,6.4,60006
2007,8.2,2221
2015,8.0,104517
2008,5.2,72558
2017,3.6,79
2013,7.1,9520
2007,7.7,22882
2009,7.3,30438
2015,6.5,9643
2014,7.0,30365
2016,9.3,252
2012,5.8,60958
2016,7.3,11169
2015,5.4,6376
2006,7.7,13696
2011,7.3,352
2012,7.4,2284
2017,7.1,256
2014,7.7,8969
2015,9.0,20540
2016,8.3,4538
2009,6.4,47743
2007,5.6,10642
2013,7.6,33027
2004,7.5,65633
2004,7.0,47187
1989,7.6,25403
1996,8.1,8840
1982,7.5,8402
1997,8.1,13284
2014,8.0,7082
2007,8.0,48961
2014,6.0,23254
2013,7.8,14743
1955,8.7,4097
1997,8.4,11336
1990,6.8,26096
2009,8.8,55496
1964,7.8,5459
2010,7.5,25934
2016,7.3,4555
2009,7.9,47143
2015,7.1,2541
2017,7.7,469
2011,4.7,85870
2010,7.0,27344
2011,4.9,47276
2010,7.7,124744
2016,4.8,9363
2003,6.6,30725
2006,7.2,31329
1997,7.3,19997
2004,6.7,44567
2004,6.8,75574
2012,7.5,7002
2006,8.0,16969
2016,7.4,9174
2014,8.5,78548
2014,9.1,24852
2012,5.9,43851
2014,8.2,8163
2008,7.2,12358
2017,,
2015,7.9,36332
2005,7.8,10163
2014,8.3,115199
2011,5.7,49789
2008,7.4,5534
2008,8.2,28655
2011,7.6,27857
2015,4.5,13718
2014,4.6,56671
2004,6.7,30290
2013,8.1,14350
2007,6.9,42949
2011,7.2,6488
1990,7.6,14668
1950,8.1,26727
2013,7.7,146581
1998,7.5,110356
1968,8.7,5489
2012,8.0,20235
2016,7.1,4730
2009,7.1,54761
2017,6.4,2951
2017,7.5,393
2005,7.3,7479
2007,7.5,15306
2008,6.0,108795
2014,7.8,6192
1966,8.4,4706
2016,4.2,3624
1990,7.4,16656
2014,5.5,9820
2015,7.7,6312
1997,7.7,20122
2015,6.5,7083
2014,7.3,12435
2017,9.1,635
2002,8.8,7890
2005,6.5,22326
2016,8.1,2293
2014,4.8,343
2015,8.7,9630
2013,7.3,134864
2005,8.1,6663
2002,7.0,34933
2016,6.8,15168
2015,7.2,20537
1999,6.4,35994
1997,8.6,16550
2016,3.7,16334
,8.3,10063
2008,7.5,29879
2015,7.3,6212
2009,8.5,39642
2014,7.3,6820
2016,7.5,3076
2014,7.5,10324
2016,3.9,9464
2012,8.3,7852
2013,8.3,2659
2006,5.5,11882
2016,3.4,4867
2005,9.3,30172
2006,6.7,47196
2010,6.6,35978
2009,7.0,26401
,8.3,9880
2014,8.2,19101
2015,4.7,31228
2015,8.2,383
2017,6.6,6928
2017,6.3,380
2017,7.6,108
2010,7.7,16242
2015,5.4,3798
2012,7.4,14793
2004,8.7,11831
2006,6.5,26394
2011,8.8,16963
2011,5.2,5610
1995,9.7,45042
2011,7.0,90746
2015,5.3,31002
2015,5.1,3408
2005,6.3,30625
2010,8.3,6035
2015,4.2,9538
2016,5.4,21056
2009,7.8,34142
2010,8.2,3656
2014,7.1,1357
2016,5.0,11218
2017,6.2,2865
2014,6.8,1741
1997,7.7,11507
2004,7.9,33281
2002,7.8,124947
2007,7.9,89607
,,
2011,8.7,8613
2017,8.3,2749
1966,8.1,6574
2017,6.6,888
2017,9.0,96
2016,7.8,2869
,8.1,5627
2016,6.2,2715
2012,7.8,39758
2014,5.9,15791
2004,7.1,14575
2012,8.0,19212
2017,,
1957,8.4,20662
2016,6.7,2905
1997,8.5,5744
2016,6.7,1904
1925,9.0,15083
2015,3.9,934
2008,5.4,16723
2016,3.5,303
2001,7.6,238
2003,6.5,25175
2016,7.1,7488
1994,6.3,399
2017,,
2003,6.4,40157
1945,8.8,2555
1996,8.2,7356
2007,6.9,29408
2008,7.1,50832
1997,8.0,5536
2011,6.4,14353
2004,7.1,34776
2007,7.4,12433
,9.1,1816
2017,8.2,38442
2015,4.1,17204
1998,8.7,41873
2017,7.5,425
2015,6.2,21836
2008,8.4,73830
2011,7.1,97625
2004,7.4,16916
1998,8.2,16086
,8.5,10819
1996,8.0,5183
2016,9.2,468190
2003,7.5,11476
2004,6.8,38047
2015,7.2,70046
2017,,
2016,7.7,4122
2015,6.1,7327
2017,6.1,457
2014,7.9,5736
2016,8.8,3104
,8.2,12795
2017,7.3,245
2001,7.1,11591
2014,7.1,12270
2015,6.0,297
2017,7.8,910
2016,7.3,934
2017,,
2009,7.9,12851
2007,7.9,8281
2016,6.3,3533
2013,5.9,1964
2016,7.8,7949
2008,7.6,4532
2003,6.4,17953
1999,9.7,35739
2015,6.0,11039
2007,8.4,6871
2008,6.7,11562
2008,8.3,10463
,8.3,7996
2010,8.6,13802
2009,7.0,3816
2015,8.2,368
1964,9.1,4016
2013,6.6,2678
2014,3.9,172
1974,7.5,608
2006,7.8,2701
1998,7.3,3507
1995,7.4,6926
2004,7.9,14024
2008,6.7,121459
1998,8.3,6731
2007,8.7,15247
2017,5.9,331
1999,7.5,64982
1936,8.3,6573
2014,5.8,4420
1995,7.9,18906
1946,7.8,2381
1998,7.7,19498
2015,5.9,2077
2016,6.3,6515
2016,7.3,2703
2012,5.5,11230
1996,7.6,155046
2003,8.3,8004
1986,7.3,616
2006,7.0,16456
2012,7.8,5694
1979,8.3,3473
2016,5.7,10677
2014,5.4,1224
2017,6.0,444
1955,8.2,8550
2002,7.6,2588
2000,8.1,30148
2003,7.5,8534
2014,7.9,13376
2015,7.2,90463
2010,9.4,7048
1956,8.4,25327
2010,6.6,36471
1973,6.9,3161
1923,8.8,3289
2009,8.6,158872
2009,7.9,56333
2012,8.0,674
2015,5.0,25049
1999,7.2,17641
2011,8.9,60080
2017,7.3,705
2007,8.2,20949
2010,4.3,5878
2017,,
2008,8.6,30464
2015,7.4,4610
1994,8.4,1247
2007,7.7,21780
2011,8.2,19744
2015,7.2,3240
2016,5.8,1303
1999,8.4,3741
2001,6.8,13938
2016,6.7,2135
2012,6.9,9888
2010,5.9,16221
,9.2,4259
2006,5.4,15488
2016,7.8,26149
2004,8.1,17118
2006,6.8,45860
2017,,
2008,7.7,22961
2017,8.2,1390
2010,8.2,5521
2014,7.1,9076
2015,5.8,9661
2012,6.7,43810
2009,8.3,14694
2017,5.0,81
2016,2.6,2810
2008,8.7,4582
2010,8.2,12313
2014,6.5,3699
2007,7.1,56091
2006,7.1,25999
2012,7.7,26277
2015,4.0,84362
2013,4.7,20744
2005,6.6,16438
2016,4.5,8418
2017,8.7,56
2004,7.9,1354
2015,6.1,17040
,7.4,230
2015,6.1,8249
2004,8.6,26912
2013,5.8,4328
2014,6.2,1589
2008,6.7,11174
1960,8.3,5264
2015,5.2,353
2014,6.9,1509
2017,5.6,2992
1998,7.7,5265
1954,8.9,15474
2017,8.4,1808
2014,7.2,12578
2016,7.5,4724
2010,7.1,19499
2010,7.1,48939
2008,7.0,47669
2016,7.4,4624
2000,7.0,26741
2002,7.9,26508
2004,5.7,16119
2006,7.7,35626
2011,8.2,27740
2010,7.2,14816
1993,7.2,43854
2017,4.0,864
2012,7.1,10146
2016,8.7,19799
2009,6.0,56074
2000,7.6,3105
2015,6.3,3074
1998,8.1,12452
2004,8.6,7997
1984,6.7,7633
1999,6.5,8745
2007,8.2,23417
2015,6.1,60186
2012,3.4,17044
1940,8.7,4037
2016,5.6,5903
2008,6.5,15256
2000,8.7,8030
2008,7.7,2891
2016,9.5,47302
2002,7.7,6083
1991,7.7,1598
1995,7.9,12108
2010,7.8,4314
1997,8.2,3282
2000,8.5,27422
2002,6.5,19565
2014,6.9,10250
2016,,
1989,8.2,3493
1999,7.7,33636
2005,8.9,66829
2002,7.8,32673
2011,6.7,27763
2003,6.6,24091
2006,6.2,16876
2007,6.3,16749
2017,6.6,3612
2017,,
2002,6.6,20346
2017,6.3,6500
2012,6.6,127742
2015,8.2,3303
,7.7,6561
2016,8.1,3184
2016,6.7,6060
2015,7.5,464
2011,8.5,9425
2016,8.7,5471
2016,3.0,1336
2011,7.2,74123
2010,7.7,197075
2010,6.7,37260
2016,6.6,5123
2017,,
2009,7.0,16295
2011,8.2,7569
2011,8.7,9679
2014,3.1,291
2011,4.1,33096
2015,6.6,3609
2017,7.3,71
2016,6.4,1356
2010,6.4,22306
2013,7.2,6810
2014,7.7,13188
2016,5.1,14564
2016,5.7,24479
2014,7.3,11775
2017,5.9,836
2017,7.2,37
2016,4.7,9016
2012,4.2,7781
2006,8.1,19570
2014,7.6,19326
2015,6.5,4004
2013,7.9,4897
2011,7.8,71711
2011,7.2,29245
2015,8.0,133927
2008,7.4,2772
2016,6.0,19163
2016,4.2,453
2013,6.6,14597
2017,4.7,4865
2012,7.9,27377
2017,7.8,42
2016,8.8,2086
2015,6.5,5003
2013,6.5,129
2016,8.9,2462
2013,5.3,92
2016,7.7,172851
2011,9.7,3849
2016,6.9,12311
2015,5.8,85355
2015,7.6,4389
2012,7.4,17219
2013,7.7,51200
1999,9.2,25312
2011,7.6,12571
2008,5.1,84805
2011,7.4,19527
1973,8.2,3225
2015,5.9,4760
2010,7.3,12873
1988,7.9,10594
2008,8.5,4910
2000,7.1,39796
2015,8.2,10204
2008,7.8,2779
2017,7.3,1776
2016,6.2,81
1927,8.8,4541
2005,7.8,23451
2004,8.6,48362
1956,8.0,19761
1972,8.8,4067
2010,7.0,11057
1943,7.8,17850
1998,8.3,102372
1959,7.9,17148
1981,7.8,9721
1987,6.9,6957
1983,8.6,4602
2008,7.3,48654
2014,6.9,8727
2015,7.4,2361
2016,6.8,257
1994,8.2,2000
1991,,
2013,3.6,22401
1934,8.3,1760
1987,8.6,11289
2015,7.7,2474
1998,8.1,2093
2011,9.2,31945
2002,6.5,27376
2008,8.1,11830
1946,7.8,12772
2015,4.1,19048
2017,5.1,2928
2015,5.4,13388
2015,4.2,57261
1995,7.7,17075
1977,7.1,1971
1992,8.3,3140
1986,8.1,3247
2016,6.9,359
2007,7.4,89780
2014,7.0,3201
2013,7.9,85571
2000,8.1,15212
2009,6.5,19507
2002,7.2,17764
2016,5.5,15515
,8.1,122
2006,6.3,24433
2013,8.5,7174
2008,6.5,28175
2002,8.2,21020
2012,7.4,2803
2016,4.0,2011
2002,6.4,22202
2008,7.3,12613
2016,7.3,173
2010,8.8,18128
2003,6.5,15304
2001,7.8,7421
2016,6.1,20784
,7.4,8236
2011,6.7,19145
2014,7.6,15679
2017,7.2,1811
2002,7.7,10993
2015,4.0,2373
2010,6.9,5265
2014,5.2,7226
2017,5.8,1244
2006,8.4,16797
2013,6.3,39140
2011,5.9,58741
2011,6.7,10166
2015,7.1,563
2015,6.9,2431
2013,6.8,12755
2009,5.0,106004
2009,8.3,53635
2013,7.8,2353
2015,6.3,5212
2015,6.1,796
2008,6.6,21869
2012,5.8,19880
2016,4.7,9909
2006,6.6,26871
,7.1,749
2006,7.8,13320
2007,7.9,18144
2014,4.9,1510
2014,7.3,2469
2017,7.2,45
2017,7.2,538
2014,8.1,10466
2017,9.0,1484
2015,7.2,6012
2015,6.8,6821
2009,6.7,23321
2011,7.9,2635
2001,6.6,18577
2011,7.3,4795
2003,8.0,25010
2002,9.7,32781
2015,5.4,54304
2007,7.6,13636
2015,7.3,5173
2016,6.9,575
2015,5.9,2690
2014,6.0,4038
2016,6.5,366
2009,7.1,9315
2001,9.2,644673
2016,7.4,2594
2017,7.1,160915
2016,7.0,2591
1996,7.9,7927
1998,9.0,440616
2015,7.6,2933
2009,7.6,10926
1941,8.1,1887
2006,8.7,50933
2013,8.8,17092
1998,7.9,8297
2009,7.3,33604
1982,8.8,15244
1998,6.9,16157
1995,7.8,1162
1965,8.5,9857
2016,6.4,4018
2007,6.5,21462
2017,4.5,398
1999,7.3,64431
,,
2015,6.2,7457
1976,8.5,22537
1995,7.4,20108
2016,7.3,7996
2017,,
2013,8.2,68009
1989,8.3,34673
,6.9,26426
2004,7.7,13079
1992,7.6,7089
2012,6.3,45938
2012,6.5,11839
2016,7.2,5355
2005,7.3,35495
2015,4.8,1930
1950,8.7,20980
2004,8.3,10856
1999,7.5,28366
,7.7,1091
1990,8.3,16460
2002,6.8,14546
2002,7.6,13861
2013,6.7,4311
2011,8.4,23725
,,
2016,6.9,992
2009,7.4,18053
2016,4.2,922
2011,8.3,23548
2000,8.3,14856
2010,8.4,43415
1989,6.7,6907
2006,6.5,4269
1978,7.3,3239
1996,7.9,2804
2011,6.4,75645
1998,7.4,5987
2002,8.2,12382
2016,8.2,10946
2007,7.0,69816
1961,8.3,796
1980,8.5,5374
2015,4.1,13570
1996,7.1,20307
2010,7.1,18436
,8.4,12906
1994,8.0,1994
2017,,
2010,8.7,29091
2009,8.1,13370
2008,7.5,10912
2009,7.9,18492
2003,5.9,35455
2010,6.8,44543
1988,7.1,3458
2000,7.4,23799
2011,6.5,6699
2017,7.6,1355
2010,7.9,25264
2007,8.0,18880
2010,5.2,107476
2013,8.6,3088
2001,8.6,24200
2016,6.2,1024
2014,7.3,10391
2003,5.5,43240
2015,6.7,57716
1994,7.3,16766
2003,5.0,13731
2014,7.0,10706
2004,6.6,16303
2004,8.1,4229
2010,6.9,9620
2011,8.0,18199
,,
2017,9.2,8376
2017,,
2012,8.1,10032
2017,8.0,3061
2010,5.9,26452
2007,7.5,8646
2016,7.2,14932
2016,3.0,872
,7.1,20499
2015,7.0,827
2009,7.4,17711
2002,7.8,16336
2016,6.9,5946
2010,6.7,31133
2011,9.0,25349
2006,7.6,5006
2005,7.7,16506
2016,8.3,275337
2017,7.1,24675
2014,6.6,7973
2008,6.9,37812
,8.1,389
2014,7.2,8095
2004,8.0,4666
2016,6.7,6189
2014,6.0,20559
2016,8.5,2044
2014,6.1,17380
2011,6.6,25933
1992,7.8,5113
2010,7.3,1760
2016,6.4,1332
2006,8.0,3252
,,
2016,7.7,1677
2015,7.3,2974
2015,5.7,42866
2015,5.2,6037
,,
2011,7.7,5135
2012,7.7,1287
2015,6.6,14154
2016,7.1,1014
2005,7.8,8131
2016,6.3,18805
2010,5.5,1457
2012,8.0,7391
2013,6.5,4755
2009,7.7,20628
,8.1,1828
2014,6.6,6690
1996,9.7,40165
2008,7.4,3368
2010,7.0,205475
,9.3,2496
2014,4.2,9605
2010,7.3,8319
2008,7.3,9537
2016,8.8,10639
2017,,
,8.6,3293
2016,7.3,1593
2010,6.7,10441
2012,7.6,18196
2014,6.8,3820
2012,7.2,20247
2017,,
2007,7.8,8483
2015,6.1,37963
2012,5.0,40998
2005,8.5,6023
2016,8.1,259
2005,5.9,16959
2006,7.8,21710
2017,6.6,2048
1997,8.1,24046
2009,8.9,147766
2013,7.3,15930
1992,7.8,6172
1986,8.1,5721
1926,9.0,7025
1940,7.6,3989
2017,5.5,352
2011,5.7,39835
1998,7.5,17776
1987,7.8,4470
1957,8.3,6564
1992,8.3,4895
1939,7.8,6349
1987,8.1,2356
1995,7.6,34460
2006,7.7,12666
2016,7.9,226
1953,7.8,2474
2016,7.4,6317
2015,6.3,15785
2016,5.4,73
1985,8.6,3611
2009,8.9,1980
,,
2007,9.1,15836
2014,6.9,17388
1995,7.1,3769
2016,6.9,436
2010,7.7,30324
1998,7.1,4247
2004,5.8,6358
1994,8.7,1316
2010,7.7,22357
1979,8.3,6935
2012,6.2,22458
2011,5.7,45055
2016,,
2013,6.8,6990
2005,6.4,9082
2005,8.8,43345
1948,7.9,4468
2016,7.8,2520
2000,7.6,2160
2008,7.2,30475
1956,7.6,5231
2017,7.3,133287
2016,7.0,3996
2005,7.8,19161
2001,6.0,40860
2004,7.1,21354
2015,4.3,2360
2009,6.2,71765
1993,7.4,1738
2013,8.1,2493
1999,6.8,19000
2006,5.9,36722
2017,,
1999,7.4,9145
2013,7.4,7802
2015,6.7,3715
2010,7.1,29893
2017,5.1,213
2014,8.0,14616
2016,6.6,6830
2015,4.4,38384
2011,8.3,2293
2000,6.8,13365
1957,8.5,4224
2015,7.2,3719
1999,7.6,5174
2013,6.4,1536
2001,7.7,10821
2006,9.4,16413
1991,7.8,6352
2014,5.7,2860
2012,7.1,6657
2005,6.6,8905
1940,8.2,9735
2015,8.2,5756
2015,4.6,380
2009,6.8,21290
2009,5.3,29984
2009,8.5,27905
1991,7.4,3527
2011,8.4,205546
2001,7.7,2169
2016,7.7,2505
2015,6.5,4586
1992,6.6,6755
2015,7.1,745
2008,6.7,9960
2014,3.8,57139
1977,8.1,6475
1996,7.2,5762
2003,6.4,8744
2015,6.7,5902
2000,8.6,9557
2014,6.4,4523
2016,6.9,1003
1994,7.7,2063
2005,7.1,14480
1985,7.2,4068
2015,3.6,32636
2014,7.4,7643
2011,6.6,7919
2006,8.4,11541
2003,7.7,17354
2015,6.4,18750
,7.8,6669
2010,8.1,22473
2009,7.9,151917
1999,5.6,11000
2015,8.5,3672
2003,5.8,32111
2002,7.5,3024
2005,8.0,9995
2010,7.5,27818
2005,5.9,13940
2005,7.6,77023
2004,7.7,10056
2012,6.3,42796
2016,6.3,70209
2012,8.2,8637
2017,4.3,139
2015,4.5,1236
2016,6.4,541
2016,6.4,30284
2012,5.7,12015
2002,6.3,9386
2015,5.7,2899
2010,6.0,37432
,7.1,6752
2017,5.7,753
2012,6.9,8838
2011,6.9,8270
2008,6.3,12857
2017,,
2005,8.7,10205
2014,8.1,3329
2017,,
2012,7.4,13725
2015,5.8,2097
2008,6.5,12475
2013,8.5,498
,9.1,13229
2017,,
2004,5.1,7968
2015,3.3,785
2015,5.3,9601
2009,7.9,58759
2016,6.0,83
2016,5.9,62
2009,6.6,15087
2012,7.6,19630
2017,5.9,267
2010,6.3,14490
2010,6.9,64434
2014,7.2,2894
2014,8.6,4422
2005,6.6,19196
2016,6.3,4670
2011,3.9,45430
2012,5.7,5163
2016,7.2,1433
2013,6.7,1696
2010,7.3,35518
2011,5.4,22885
2015,7.5,6015
2016,6.7,1568
1972,8.4,5894
2015,9.2,12937
2014,7.4,16544
2015,5.8,7451
2011,7.6,16103
2016,7.4,1752
2016,6.5,7092
2012,8.0,5394
2015,3.9,326
2015,6.3,385
2015,5.6,704
2017,5.1,108
2011,7.8,13040
2016,5.7,4752
1997,9.7,38078
2016,7.4,5189
1998,9.7,36639
2001,9.7,33470
2017,6.4,554
2015,6.7,1875
2014,5.5,10989
2014,6.7,613
2005,6.9,14863
2015,7.3,5341
2009,8.5,10347
2016,5.7,142
2017,,
2017,8.7,4442
2009,8.2,370
2011,6.0,1813
2010,8.0,16948
2012,6.7,6292
2017,8.2,12722
2017,5.0,6055
2013,7.1,3551
2005,7.1,11458
,7.5,6707
,4.9,104
2015,5.4,2957
2008,7.5,6057
2016,8.4,1104
2014,8.4,5096
2017,,
2012,8.1,29900
2011,7.4,24003
2012,8.1,13371
2014,6.7,3190
2007,8.0,21177
2012,7.0,12827
2016,6.3,3291
1985,7.9,5528
2014,8.4,1866
1997,8.1,2252
2010,8.6,9707
2015,6.6,14290
2016,7.6,1030
1951,7.8,1570
1963,8.7,7046
1994,7.7,7269
1993,8.0,6800
1998,8.5,9406
2017,,
2010,7.8,15036
1980,7.7,3643
2010,8.3,7870
1990,8.2,4870
2014,7.3,4853
1945,8.2,22492
2009,7.5,47180
1998,7.8,1614
1936,9.2,82397
2000,8.3,1753
2014,6.6,1177
2014,7.4,2578
2013,6.9,4141
1992,7.5,859
1963,7.9,7185
2015,3.5,317
1961,7.6,4930
2010,4.8,28563
1993,8.1,6992
1957,7.4,7001
2013,7.9,13020
2009,7.8,5007
2012,7.9,22123
2005,6.5,2476
2003,7.8,12003
2016,6.4,10274
1999,8.1,9032
1990,7.8,7280
2015,6.6,1729
2016,8.7,51368
2016,6.5,1608
1974,7.6,4580
1994,7.4,2264
2013,7.8,9557
2017,4.9,128
2017,7.2,3362
1996,7.1,2001
1994,7.0,5448
2001,6.5,7252
2011,3.3,11844
2010,6.9,1925
2006,5.4,10363
2017,,
2002,6.8,8826
2016,7.3,4727
2004,6.9,22023
2017,8.3,3476
1957,7.6,3510
2017,7.7,35
2011,6.9,7846
1992,8.0,35689
2016,6.2,29811
2017,5.9,1346
1998,6.7,9447
2015,7.4,8359
2015,5.2,366
2004,7.9,5835
1925,8.8,3080
2015,8.9,2245
1999,8.3,27376
2014,6.3,7374
2014,5.8,8218
2017,8.1,877
1995,7.3,4530
1993,7.4,8090
2006,8.0,7222
2007,7.6,6677
2009,7.5,20007
1987,7.5,4922
2014,7.2,7632
2015,5.7,3876
1999,8.3,5415
,8.1,77
,8.1,6246
1995,7.2,3458
2014,7.8,1908
2014,6.4,14090
2013,5.4,13942
2007,6.9,35952
2017,6.3,164
2015,7.2,4132
2010,7.5,13419
1956,7.3,830
2011,8.4,1809
2014,6.6,3745
2015,8.3,8929
2016,7.0,317
2017,,
2016,,
2002,5.8,42437
2015,6.2,3303
2002,7.6,4247
2002,7.5,16319
2017,8.9,343
2014,6.5,15923
2009,9.0,13450
2013,5.9,13078
1960,7.3,689
2015,7.2,6445
2016,8.0,5245
1963,8.4,1892
2013,8.6,7553
2011,8.1,5904
1998,8.3,8951
2016,4.9,1779
2002,7.5,18242
2016,7.1,1073
2015,3.3,6362
2009,7.6,19676
,,
2003,7.1,25713
2003,7.0,30092
2003,6.2,27826
2003,6.4,33332
,7.1,13565
2004,7.5,5918
1992,8.0,6652
2005,7.0,21478
2014,5.7,1524
2017,,
2014,7.8,4825
2017,6.4,997
2015,7.3,7596
2017,,
2015,7.6,85878
2015,7.8,8192
2010,7.7,2386
2011,7.9,20389
2015,7.3,905
2011,5.7,19741
2011,6.5,8313
2006,8.2,9888
2013,6.7,1718
2017,7.8,606
2017,2.7,94555
2016,6.7,346
2012,6.9,7140
2003,7.3,1664
2018,,
2013,6.3,4141
2013,7.3,2172
2016,6.1,2265
2016,8.5,865
1996,9.0,19364
2017,,
2016,7.8,11937
2008,6.8,18479
2015,7.0,5767
,,
2017,,
2016,6.6,2370
2011,5.9,5271
2017,,
2017,6.1,590
2008,8.2,12585
2007,7.0,3920
2014,6.1,4202
2015,5.6,2773
2016,6.3,472
2007,7.9,23818
2015,4.2,11848
2012,7.5,11952
2009,6.7,7274
2015,8.5,5558
2012,7.1,1351
,7.3,890
2014,8.3,2826
2010,6.8,18491
2010,6.0,6209
2012,5.5,18445
2016,5.1,124
2016,4.8,110
2016,6.9,132
2009,7.1,3935
2005,8.2,2964
2001,7.6,10840
2015,8.3,238
2011,6.8,36302
2016,7.4,969
2013,5.7,17553
2017,7.4,95017
,6.7,3117
2014,7.7,24485
,4.8,670
2015,9.0,1187
2013,7.9,6835
2016,6.7,266
2008,7.6,1173
2017,7.5,98
2008,8.3,13533
2015,6.7,2779
1988,7.4,11153
2013,8.0,1451
2016,4.9,397
2015,4.1,560
2008,7.6,20586
2015,6.4,1854
2015,7.7,189
2012,5.3,10304
2009,8.3,5364
2014,7.3,7650
1965,8.2,1306
2007,7.2,5342
2012,6.4,36388
,8.8,1087
2015,7.7,2816
2010,6.4,11512
2017,9.1,346235
2000,9.7,34179
1959,7.9,5707
2011,5.0,37609
1993,8.1,4415
2010,9.0,2175
2006,7.2,28886
2012,6.8,14817
2012,6.2,22765
2010,6.2,4332
2001,7.6,5856
2011,8.1,19551
2013,6.5,16122
1997,9.3,1836
2005,7.5,11083
2011,9.2,7238
2011,5.7,11379
2003,9.3,5584
2003,9.2,16387
2016,8.2,57055
2009,7.5,19589
2016,6.6,1661
2014,4.9,5018
2013,7.6,596
2016,8.4,552
2011,6.4,29621
1993,8.1,1473
2010,6.5,38951
2013,5.0,10189
2005,6.9,33960
2013,7.1,16331
2002,7.8,2135
2016,8.0,1470
2016,8.7,269905
2007,7.3,13799
2014,6.2,391
2017,,
2015,7.6,2690
2014,5.8,2256
2015,5.7,10173
2017,4.6,1987
2013,5.4,7616
2011,6.9,50553
2008,5.7,59868
2001,7.9,4439
1998,7.5,9541
2016,2.6,4964
2013,8.2,5829
1975,8.7,10240
2012,6.7,4389
1971,8.2,5329
2013,7.6,4115
2014,8.0,7873
1997,8.7,259154
1971,8.3,3384
2010,7.5,33742
1988,7.5,5810
2016,5.7,356
1998,7.5,3671
2012,7.5,13078
1992,8.5,551
1978,7.8,6093
2013,7.0,16400
1960,8.6,8650
2013,7.1,13013
2005,5.9,6582
2010,4.8,19928
2013,6.0,3329
1967,7.9,1560
1996,8.9,3461
2013,6.2,716
2012,7.0,17368
2017,4.0,5429
2013,7.1,1724
2016,8.0,345
2002,8.0,5639
1992,8.3,81584
1993,8.8,2770
2011,6.4,8494
2011,3.9,14686
,,
2017,6.1,86
2017,4.8,147
2006,7.7,9637
2014,6.9,9914
1959,9.0,3471
2007,7.7,11269
1988,7.6,4891
2003,7.0,13333
,6.1,1458
2012,6.4,36288
,5.4,388
1984,8.9,4592
1994,7.7,13446
2013,7.4,33809
2004,6.8,23565
2003,7.5,7560
2006,7.8,15346
1975,8.6,1593
1999,8.3,7887
2005,6.8,9661
2017,8.7,66
2008,6.5,6773
2016,7.1,3532
2007,8.7,6379
1982,8.0,5282
2016,5.8,3904
2002,7.8,48934
1983,8.8,3665
2011,4.6,500
2004,7.5,11620
1981,7.3,1584
2004,6.9,12612
2016,8.8,138
1995,7.8,7939
1996,7.9,1109
1993,6.8,9935
2008,7.8,1902
2017,7.0,2058
2016,4.7,352
,8.3,2442
,,
,7.8,2600
2016,4.5,3068
1953,8.0,2912
1928,9.1,4875
2014,7.1,4562
2017,6.1,679
2010,7.3,49532
2005,6.8,4367
1997,7.0,4722
2014,6.5,2437
2017,,
,8.2,3475
2013,5.7,17954
1938,7.7,1718
2015,5.6,2861
2006,7.2,14845
2017,6.8,14218
2011,6.7,14663
1978,7.4,3081
2013,6.3,9195
2013,7.5,12929
2006,7.2,3723
1986,7.2,1591
2017,6.7,84
2011,7.6,13283
1996,7.3,2886
1967,7.9,1131
1992,8.1,9251
1961,8.2,7704
2014,6.4,2368
2008,8.9,35634
2001,7.2,10084
2013,8.0,3605
2007,7.2,37117
2001,6.3,8897
1999,7.1,8252
1991,8.1,5083
1942,9.2,10771
2017,7.4,50
,6.6,77
1954,8.4,1291
2017,,
1998,6.8,7754
,,
2014,7.2,10076
,8.0,6280
2015,5.8,17070
2009,6.4,21732
2010,8.2,8493
1954,7.9,15708
1974,7.3,10074
2008,7.5,34506
,7.5,5161
2017,,
2013,6.8,2716
2016,6.6,4559
1933,8.4,2272
2010,7.4,10875
1998,7.3,4140
2000,7.3,14168
,3.4,528
2014,6.2,6108
2011,7.1,8842
2016,6.0,3280
2010,7.1,3532
2011,2.9,6621
2006,7.0,8109
2003,6.7,18484
1983,7.1,1077
2013,8.3,2819
2017,6.8,44
2009,6.9,23639
2002,7.3,15691
2012,7.4,10274
2013,6.3,14511
,7.9,4625
1998,8.4,13849
2008,6.7,1338
2000,6.5,4681
2000,6.9,3302
2007,7.7,11736
,6.6,1428
2016,8.2,12792
2017,7.0,409
2010,7.1,26553
2014,7.3,1642
2004,7.8,10564
2003,6.5,21709
1993,8.0,2405
2016,5.6,434
2004,6.2,15654
2004,6.1,1724
2014,5.4,17139
2004,8.1,3928
2005,5.3,12920
2005,6.9,22937
2005,6.5,13910
2014,8.6,8738
2015,7.5,9614
2011,7.5,5517
2013,6.3,8332
2014,7.8,2994
1994,7.5,4298
2011,5.1,6521
2016,7.4,1349
,,
2013,8.3,14928
2013,8.2,3737
2012,6.7,5356
2017,6.3,848
2015,6.8,8397
2016,8.1,246
2013,8.0,20969
2005,8.6,2257
2003,7.4,9633
2008,6.4,8050
2013,7.4,5971
,5.8,4827
2017,,
2008,7.4,59113
2012,6.8,2462
2012,7.4,2415
2016,,
2017,5.7,786
,7.2,12990
2001,8.2,4917
2011,7.5,1793
2016,3.1,677
2012,7.0,6051
2014,6.3,3292
2014,6.0,500
2003,7.8,34413
2012,7.7,3818
2017,7.5,293
2010,7.0,15440
2014,6.8,34074
2016,6.9,829
2014,8.8,2803
2016,7.5,863
2009,6.7,31672
2014,3.4,1858
2016,8.1,4899
1983,8.3,1071
2000,8.6,8266
2015,7.4,1890
1992,7.9,1209
2005,8.1,3066
2008,7.9,40923
2014,5.7,4414
2013,,
2017,5.6,96
2016,5.8,3021
2015,9.1,15975
2013,5.6,8796
2009,7.6,14396
2015,7.3,933
2003,7.8,1872
,,
2000,8.7,4552
2006,8.1,188354
2011,4.9,19847
2007,5.8,44420
2016,5.1,615
2013,5.6,742
2014,7.4,9769
2015,7.2,300
2006,5.9,40852
2012,6.4,4918
2006,7.8,16589
2017,3.7,1594
2013,7.9,438
2010,7.5,46973
1996,8.5,13181
,6.2,320
2004,5.8,5883
2011,5.6,57448
2006,7.8,6474
2016,6.0,576
2016,7.7,4255
2009,6.8,19622
2011,7.8,13216
,5.8,2243
2010,7.5,1823
2015,9.4,6172
,4.3,450
2008,5.9,17088
2016,4.2,370
2012,6.9,3944
2013,7.7,9024
2003,6.9,1609
2011,6.5,9072
2015,5.5,123
2006,8.0,4188
2014,9.1,50330
2015,6.9,17739
2015,4.1,3091
2014,6.1,1971
,,
2010,6.1,4790
2002,7.6,1786
2000,8.0,4802
1931,8.6,3755
2015,7.4,3457
1998,8.5,1400
2015,7.9,4097
2017,6.5,42741
2017,4.8,192
2016,7.8,761
2015,6.7,4349
2015,7.2,123218
2014,5.0,26956
2015,8.1,4057
2014,9.3,7236
2013,5.7,1342
2008,8.3,11179
2012,8.7,7399
2007,6.4,1176
1989,7.3,1928
2009,6.9,11157
1996,6.9,5399
1991,7.3,1094
2007,6.3,16193
2010,6.2,19315
2016,8.3,1080
2017,6.1,2273
2006,7.3,1644
2009,7.6,44898
2006,7.4,11246
2017,3.8,59925
2011,5.1,4023
2003,5.8,22163
2012,7.4,4003
2014,6.2,3309
2014,8.7,13115
2010,7.9,20319
2016,5.4,402
1947,8.3,4301
2012,4.7,1792
2006,8.0,16745
2015,7.8,3294
2017,5.3,103
1996,7.3,11886
1983,6.5,735
2016,5.3,6393
2012,5.6,1257
2008,8.3,2301
2014,8.9,6444
2011,7.8,17037
1956,8.3,2573
2011,5.2,38729
2007,6.9,4126
1998,9.2,588149
2012,5.8,16799
1985,6.8,706
1994,9.1,257318
1922,8.0,242
2005,8.5,11732
2011,6.6,6346
2007,7.2,5258
2009,5.1,27828
1984,7.4,9967
2004,8.6,2608
2004,6.4,710
1996,7.5,2800
2013,7.4,1073
2005,6.7,13894
2006,6.5,14513
1999,7.7,5966
1977,8.4,648
2013,6.5,3301
1995,7.6,6686
1967,8.1,3496
1981,7.9,10424
1943,8.1,1922
2000,9.0,11616
1990,7.6,5192
1942,8.5,2508
1956,7.1,2843
2015,8.6,1181
2015,5.6,990
,6.6,5030
2008,7.5,7899
1958,8.4,1303
1946,8.2,2524
2016,5.1,4202
2015,7.7,2198
1996,7.1,1034
2004,5.7,4824
1945,7.9,4464
1958,8.3,2579
1993,7.8,5630
2011,7.7,7919
2009,7.6,5080
1987,7.8,1058
1999,6.3,37502
2016,3.8,10579
1984,7.8,6626
2008,9.0,6486
2002,7.0,8512
2014,5.8,1394
1999,7.2,34675
1999,7.7,100933
2017,,
2011,6.9,12302
2005,8.3,5844
2011,6.2,9314
2017,5.5,49114
1991,8.3,968
2011,8.2,8655
2005,8.2,1102
2010,9.3,7914
1996,5.6,709
2007,7.3,4255
2014,6.9,3438
2006,6.6,13856
2000,7.1,5973
2009,6.1,3059
2016,6.4,1405
2001,6.3,16863
1999,7.4,993
1999,5.3,8754
2006,6.5,14341
2007,5.7,44739
2010,6.6,15874
1990,9.2,231
2016,8.1,466
1981,8.1,1155
2011,7.3,12498
1937,7.6,373
2015,7.0,4405
2005,6.6,57060
2013,6.7,10108
1987,5.7,671
2008,7.7,60469
2008,7.4,39943
2016,6.1,590
2012,5.6,6774
2017,4.2,1240
2003,8.6,326236
2007,7.0,12232
2000,6.9,8922
1958,6.9,1729
2011,7.3,1851
1986,7.5,3252
2003,6.5,107
2016,4.7,1884
1988,7.0,1906
1936,8.0,741
2017,6.3,835
2013,6.3,7396
1980,7.8,5920
2017,,
1987,6.5,52
2017,7.9,1507
2014,3.5,10246
1949,7.2,223
2013,8.0,6072
2002,5.7,23330
2014,7.8,6325
2011,6.9,9033
2010,5.9,43311
2007,8.1,14333
1955,7.6,1223
2017,6.9,683
2016,6.8,170
,7.2,18246
2011,7.3,28027
2014,7.5,1449
2000,7.4,5912
2016,3.9,64975
2014,6.7,1269
2001,6.6,10911
2001,7.3,4481
2012,4.7,2019
2015,7.2,3927
2012,7.5,406
1989,7.6,1766
1984,7.7,2056
2003,7.7,3558
2010,7.7,532
2015,6.6,5012
2013,8.4,14966
1998,7.9,9831
2008,8.0,3648
1986,7.4,677
1983,7.6,14709
2002,7.7,10013
2011,6.1,55960
1991,6.3,5259
2014,4.5,7744
1991,8.2,5533
1993,8.1,2341
1988,7.7,553
1991,7.5,824
2013,6.4,3370
1986,8.0,2305
1995,7.6,1007
1992,7.6,3018
2011,8.3,19635
1999,8.5,2271
1988,8.9,254
1997,8.1,7895
2006,7.3,10601
2009,8.0,45279
2014,7.0,715
2015,5.9,80
1988,6.4,11374
2014,7.6,33491
2002,8.3,7134
2002,8.1,2911
1949,8.1,2104
2009,7.4,22806
1999,7.2,2032
2016,4.3,392
2006,6.8,2156
2014,5.4,6939
2013,4.9,1980
2001,7.0,10020
2014,9.7,653
2009,6.3,13169
2015,5.9,2150
2016,7.6,6127
1983,8.1,2110
2017,7.7,176873
1960,7.3,4380
2016,4.7,985
2006,7.9,8663
2015,8.8,5941
2013,8.1,28878
2016,7.3,6638
2000,7.6,17744
2015,6.5,1619
2006,7.6,58959
2017,7.2,287
1992,8.0,6113
2009,6.6,14429
2001,6.3,15807
2015,7.1,5492
,5.5,320
2001,7.6,15193
2015,6.6,20035
2004,6.4,10237
2015,5.7,78
2001,6.6,12779
1993,6.8,1616
2001,7.0,36484
,7.1,56
1944,8.5,23736
2001,6.4,1602
2002,6.9,6548
2006,7.1,4772
2002,6.5,2409
2009,7.9,26223
2017,4.8,253
2017,6.6,574
2002,7.4,1658
2006,5.5,453
2014,6.3,5502
2006,8.1,934
2011,6.9,313
2010,7.3,4482
2011,9.2,19432
1992,5.9,3592
1996,7.2,556
2013,7.4,2087
1989,6.7,935
,8.7,10991
2002,7.2,12283
2008,5.5,58368
2008,6.6,810
1966,8.9,2413
2006,6.1,11580
2000,7.2,2164
2017,6.4,1458
2003,7.0,15211
2016,9.0,931
2015,6.8,7992
1990,6.1,1425
2002,8.0,8602
2001,8.0,20239
1999,8.4,8376
2003,7.1,12762
2016,7.5,1703
2014,6.0,18328
2002,6.3,60251
2012,5.2,1927
2016,5.6,2134
2015,6.1,2138
2015,7.6,7021
2017,4.6,5548
2015,7.0,88146
2002,8.3,1885
2014,6.0,270
2014,7.3,3023
2011,3.9,3468
1976,7.9,3699
2016,6.2,1743
2003,6.8,14391
1983,7.7,1314
2016,8.4,182108
2003,6.2,19264
2004,7.5,7082
2009,6.1,58261
2016,7.5,4465
2004,6.8,7370
2004,8.2,2043
2000,6.8,8848
2015,6.1,6637
1975,8.4,2899
2017,6.5,1943
2005,8.4,7392
2016,6.4,8552
2016,6.3,502
,2.8,236
2008,6.9,7315
2013,7.6,1978
2015,5.6,4886
2015,3.8,2515
2009,6.5,9314
2017,4.5,327
2006,7.6,15164
1991,8.4,3844
1995,8.4,3338
2008,8.8,3469
2009,5.4,42589
2015,8.0,2874
2013,7.6,646
,8.2,2368
2015,5.9,412
1996,8.2,25616
2017,,
2011,5.6,56068
,6.6,292
2006,7.1,2382
2013,8.5,3492
2017,,
2009,4.6,2159
2014,7.2,4572
2011,6.5,113
2017,8.4,17159
,6.3,4151
2014,4.7,942
2017,8.9,19836
2010,6.2,26551
2016,8.6,3787
2013,3.5,4503
1998,7.9,7313
2011,7.8,1060
2006,7.6,227
2001,8.1,47595
2010,7.8,27759
2012,7.9,7093
2012,4.8,2277
2017,4.8,29
,,
2012,5.6,884
2014,6.2,23874
2011,4.7,1781
2011,7.2,6953
2006,7.0,7942
2015,6.8,1370
1999,6.0,6995
1997,7.2,20239
2012,6.1,665
2016,8.1,378
2004,7.4,3335
2015,6.2,615
2006,9.1,22685
2016,3.6,2395
2016,6.8,1719
2005,7.1,6090
2009,6.4,2350
2016,7.4,123
2007,6.9,37863
2009,7.3,1765
2016,7.2,448
2005,6.1,4359
2011,7.1,19611
2010,6.5,516
2016,5.1,478
1995,6.0,1813
2006,5.8,2348
2011,6.4,467
2013,8.3,38371
2013,6.3,133
2017,,
2015,6.1,907
2015,6.7,915
2011,8.1,6540
2005,7.5,14708
2010,7.3,30899
2010,6.1,13751
2017,,
2016,3.9,120
2014,5.1,67
2008,7.6,13967
2011,5.7,11301
2016,7.3,77
2007,7.3,5379
2015,8.3,14569
,7.8,1117
2001,8.3,9563
2008,4.5,17572
2016,7.6,63820
2009,8.1,35016
2012,7.4,19481
2013,7.3,30789
2016,4.7,3701
2010,5.9,612
2011,7.6,6298
2012,7.5,1262
1988,7.0,5106
2016,7.5,3187
2016,5.4,208
2015,7.7,613
2014,3.2,8883
2012,6.0,3161
2002,7.1,8534
,,
2014,6.7,3108
,7.2,5854
2017,7.4,6641
2017,4.3,57687
2011,7.2,1459
2012,3.4,192
2012,8.6,522
2016,4.7,12640
2011,6.8,5610
2011,7.8,2729
2008,7.5,18914
2007,5.6,10734
2013,5.7,19468
2011,7.1,38
2016,5.1,184
2015,5.3,7055
1994,8.6,19154
2006,7.6,1087
2007,7.2,4409
2009,7.2,2428
2013,7.4,7603
2010,8.1,1802
2014,8.7,4679
1988,6.4,3260
1998,7.5,1320
2014,6.6,460
2006,5.6,10309
2000,8.0,1667
2011,6.3,8966
2016,7.1,2075
1993,7.5,33375
2014,6.9,4312
2016,6.1,184
1984,8.0,122
2013,6.1,29161
,,
2014,6.3,7973
2011,7.3,2324
2012,7.4,2466
2016,6.2,499
2008,8.4,3476
2015,6.9,2031
2011,8.4,10094
2015,7.0,905
2012,7.6,20869
2013,5.0,4104
2013,7.5,6544
2009,8.6,99905
2016,6.8,537
2016,8.2,839
2003,8.0,1826
2017,6.4,107
2017,6.9,507
2011,6.2,32964
2017,,
2012,5.0,270
2011,7.1,6211
,7.1,140
2015,6.3,486
2005,7.9,4618
2010,7.7,5792
2015,6.5,5498
2006,6.9,3834
2001,8.4,391
2015,6.8,77
2017,,
1951,7.6,2029
2017,6.5,42
2015,8.0,2349
2011,8.6,1406
2002,5.2,21668
2017,7.7,211
1985,6.6,1645
2007,8.0,5504
2017,,
2013,8.3,8744
2014,4.6,305
2005,6.8,2401
2012,7.4,1323
2004,6.9,2156
2001,8.2,221
2010,7.8,14577
2017,8.6,1722
,7.3,244
2008,9.0,19182
2011,9.1,15418
2011,5.0,2671
2009,6.2,15193
2012,7.4,4294
2012,7.4,1173
2016,8.2,5290
2017,,
2011,6.3,10359
2013,8.5,12701
2017,6.4,793
2014,8.1,8569
2007,7.0,4766
2014,7.4,2441
2017,7.9,190
2012,7.5,2556
2016,6.6,120
2013,6.8,11439
2016,7.1,980
2016,8.2,342
2012,8.1,3168
1997,8.1,10577
2015,3.8,8160
2014,6.7,544
2013,7.2,95
2016,7.7,322
,8.8,189
2014,6.7,2207
,6.2,4894
2011,5.0,23624
2013,8.6,3819
2013,5.2,4080
2007,4.5,666
2004,8.7,241879
2013,4.4,1070
2016,5.9,5163
1994,8.7,321504
2005,6.4,6410
1976,8.2,15189
2006,5.9,11659
2013,6.2,1603
2007,6.2,5772
2008,8.9,527279
2006,6.7,10394
2012,6.0,1080
2010,8.6,507096
2012,7.0,3872
1995,9.1,23511
,,
2014,6.7,5907
2004,5.6,23963
2003,7.7,18796
1991,8.7,97139
2015,7.0,3393
2007,8.3,2190
1991,7.8,1018
1967,7.5,237
2017,6.6,447
2017,,
2009,8.0,17460
2006,7.0,825
1947,8.0,3347
1997,6.7,4192
2006,6.4,28539
2013,8.5,4690
2014,6.8,469
1977,7.7,386
2004,6.3,24739
2011,6.6,14711
1997,8.2,1296
2017,,
2017,,
2010,6.2,63805
2016,8.3,2245
2011,7.3,6352
1957,8.2,1282
2013,7.3,1487
1972,7.8,666
1974,8.2,1074
1998,6.4,3903
2003,5.2,9561
2015,6.8,1690
1992,7.5,4763
2013,7.1,2991
1998,7.2,4125
1997,7.4,253
2016,7.1,2519
1972,8.3,3311
1991,7.1,3862
1987,6.6,2683
2012,8.3,8209
2016,6.0,675
1996,6.7,2124
2004,5.6,1587
1980,8.4,2010
1950,7.4,890
1994,7.9,3228
2016,7.1,218
2015,7.2,67479
1989,7.1,1207
2001,6.5,968
1995,7.6,3434
1932,8.2,1688
2010,6.3,1048
1970,7.9,8978
2011,8.8,8615
1970,7.9,2985
1952,8.2,702
2016,4.9,195
2015,6.9,1209
2007,7.6,4800
1999,7.5,167
2013,6.5,5309
2008,5.2,83843
1995,6.7,6960
2015,6.8,1886
1989,7.7,1720
2012,8.3,12448
2016,4.6,3941
2013,7.7,1072
2013,7.2,4474
1994,9.6,119804
2012,6.0,5360
2015,6.2,281
2015,6.1,6047
1996,6.6,488
2005,7.5,7763
2005,8.2,4341
1977,8.2,1009
1978,7.0,577
2002,8.0,5042
1967,7.9,3238
2000,6.5,1484
1993,7.5,2065
2015,4.6,4585
2016,6.5,409
2014,6.9,9714
2012,5.1,2132
2008,5.1,5686
2008,8.6,12593
1958,7.8,1127
1969,8.4,3223
2015,4.5,723
2015,7.1,1445
2015,4.8,5203
2012,7.1,11153
2014,6.5,1391
1981,7.2,1238
2013,3.5,5752
1956,7.6,1068
2012,6.4,7253
2012,6.7,973
,7.1,8352
1989,6.1,3707
2002,9.2,6338
2013,4.4,3124
2015,8.0,916
1998,8.0,496
2014,6.7,2912
1999,7.2,1747
2012,7.4,1875
2012,9.1,5516
2015,3.5,2845
1990,6.5,402
2012,7.3,525
2009,7.5,1649
2006,6.8,7867
2010,7.5,25836
,8.2,2209
2016,6.5,892
2015,8.1,1469
2016,7.3,400
2014,7.4,577
2013,7.3,698
1996,7.4,5867
2012,8.5,4512
1975,8.4,2171
1928,8.6,629
2005,7.2,1936
2012,7.1,5706
1932,7.7,1982
1999,8.8,224742
2011,7.7,41450
2012,4.6,3513
1988,6.7,747
2017,8.4,2017
2016,5.1,113
1999,7.5,15115
2014,7.6,3184
2017,,
1959,7.6,716
1998,6.9,8436
2007,7.1,59372
1999,7.1,6108
2003,6.8,18002
2007,6.7,7224
2013,6.8,16174
2006,5.9,1089
2011,7.2,11826
1999,6.0,1563
1951,7.8,9931
2005,6.0,12324
2014,6.2,8932
2016,7.4,14747
2009,7.9,3847
2007,7.5,35822
2000,6.9,3450
,,
2012,6.8,1870
2006,4.7,1903
2008,9.1,8940
1999,7.6,5157
1999,8.5,2052
2004,5.4,390
2013,7.1,5053
2014,8.3,176
2004,8.6,16139
2017,7.2,79
2015,6.2,1984
2008,8.1,7717
1999,7.5,4087
2014,6.2,1098
2012,6.6,3444
1992,7.6,665
1994,8.3,186520
2000,7.5,23386
1937,8.0,2083
2012,6.6,56996
2001,7.5,5990
2017,5.6,769
1991,8.2,2969
1988,6.9,647
2000,6.3,3146
1985,8.1,3013
1988,6.7,4482
1948,7.6,1492
2013,7.1,438
2006,7.7,1381
2016,7.7,14183
2013,6.2,12292
2001,7.6,3012
2013,7.4,4308
2010,7.5,32563
2000,8.2,3890
1989,8.1,2863
2007,6.2,4352
1999,6.7,13340
1976,6.4,744
2017,4.0,8601
2015,6.8,1693
2014,5.5,5656
2014,3.1,371
2014,7.8,4213
2000,6.3,1606
2008,8.4,2648
2011,7.4,12858
2003,6.4,3462
1986,8.1,1213
1939,7.7,345
1997,6.9,303
2008,8.1,6165
2005,7.7,8502
2012,3.8,572
2014,7.4,165
1991,7.9,5725
2005,7.8,1932
1984,7.6,878
2014,4.7,269
2000,6.7,2474
2016,3.6,262
2000,6.8,20971
1982,7.9,33951
1989,9.0,14809
1988,6.8,918
1993,7.8,457
1994,7.8,415
2015,7.0,30
1995,7.2,3465
,8.0,2740
1940,8.0,2908
1991,7.8,2488
2005,8.0,17279
2015,7.4,1186
1956,8.0,1499
1985,6.9,1448
2009,8.3,43362
2006,6.5,787
2006,7.7,3194
2006,8.4,260999
1993,8.2,841
1946,7.5,1502
1981,6.4,2361
1997,7.9,2802
2013,7.9,1697
2003,6.7,2380
2015,5.4,1108
2005,6.2,21663
2016,,
2014,4.2,77
1996,7.5,754
2001,7.0,4695
2015,7.5,4003
2014,4.0,8922
1990,7.4,4846
2004,8.1,1989
2013,5.1,3725
2007,7.2,45085
2009,6.6,1750
2009,7.5,22376
2007,6.7,2391
2004,6.6,444
2014,5.9,7394
2011,7.7,17625
1997,8.4,15230
2004,7.7,36544
2005,6.4,15660
,7.2,4286
,7.1,3624
,7.8,2027
2016,8.5,430
2008,8.0,23326
,8.0,1379
2002,6.0,4582
2001,7.7,18687
1993,7.1,6394
1957,7.4,239
2013,5.3,7296
1941,7.8,1204
2011,7.8,2593
1993,8.2,424
2013,7.5,5738
2017,,
2016,6.2,2492
2016,7.6,655
2001,7.0,18031
2006,5.8,9270
2012,6.4,59072
1995,6.3,853
2016,6.3,1864
2017,6.4,30
2000,8.3,599
,8.3,381
2008,5.6,1259
2016,5.6,204
2009,6.2,13549
2010,6.2,15876
1994,6.3,1485
2017,5.6,57
2001,7.3,6384
2016,7.7,401
2016,4.3,429
2004,8.1,7850
2013,7.1,226
2012,7.5,10327
2015,7.8,1561
2013,6.8,3786
2012,7.6,11213
2000,6.9,2869
2002,6.3,8682
1992,7.3,3365
2003,8.2,3639
2003,6.7,1809
2008,6.6,17899
2016,6.3,2551
2011,6.1,12582
,7.8,2862
2016,8.2,393
2016,4.0,93
,7.0,478
2002,7.0,12681
2016,9.3,16118
,8.1,1046
2005,8.7,243
2007,7.7,1735
2003,6.3,7093
2002,7.4,4630
2003,7.8,2490
2017,4.9,21774
2010,6.8,16672
2012,6.2,2975
2015,,
1993,7.0,9793
,6.9,7191
,6.5,6751
2004,7.8,857
2015,7.9,175
2016,7.2,31609
2002,7.7,4785
2014,7.3,6716
1999,7.3,7561
,3.3,1946
1962,8.8,6746
2002,6.9,8402
2001,7.4,2445
,7.8,2951
2013,6.9,90338
2001,7.5,945
1995,8.3,5829
2015,7.2,253
2012,6.8,8113
2011,7.5,3291
,4.6,62
2014,5.6,5599
2003,6.6,35851
2006,6.9,17841
2008,7.5,20240
,6.4,13014
1942,7.9,386
2010,7.0,6509
2013,8.1,6684
2016,7.0,2523
1945,7.6,978
2003,8.5,9282
2013,7.4,283
1969,7.3,3853
2016,7.5,1344
2016,7.1,571
2001,7.5,1413
2017,6.7,111182
2010,7.5,13990
2012,8.0,10244
1996,7.2,1964
2015,7.4,7482
2017,6.0,176
2016,5.9,3125
2016,5.8,1446
,8.0,571
2003,7.0,754
2003,7.0,5275
1975,8.3,3693
2007,6.5,2217
2014,5.6,2310
2006,7.3,17942
2007,5.2,2517
2008,7.4,2441
2004,8.0,199293
2004,8.3,2680
2006,5.4,2178
2004,5.3,57792
,6.3,387
1996,8.7,376
2003,5.1,18849
2016,7.1,1051
2008,6.6,35171
2010,7.5,20097
2014,6.1,2477
2006,8.9,18774
2005,7.3,11319
2004,7.8,1972
2006,8.8,402040
2017,4.8,7294
2014,7.4,860
2015,8.0,1061
2014,7.1,19512
2017,,
2017,,
2009,6.6,18225
2010,8.1,8968
2016,7.5,715
2013,5.5,3464
2007,7.5,2608
2015,6.2,2410
2013,7.3,1093
2013,8.6,1267
2016,4.3,586
2001,8.7,17157
2013,5.9,4097
,7.7,1302
2013,7.2,5674
2008,8.1,13566
2006,7.6,9819
2014,6.7,3048
1989,8.0,416
2007,9.1,20715
,,
2009,8.4,2225
2010,7.6,883
2005,6.4,13555
,7.4,616
2016,4.0,367
2015,7.4,10684
2014,6.2,495
,6.7,105
,6.9,51
2008,5.5,13080
2009,7.1,854
2013,6.3,212
2017,4.3,492
2010,7.2,427
2007,8.6,5323
2016,7.9,11171
2013,5.1,7937
,7.0,1459
2015,8.1,137045
2006,4.3,2768
2017,8.3,10267
2017,6.0,146
2015,8.0,854
2014,7.7,1560
2015,8.2,518
2017,,
2008,8.4,5076
2012,7.1,1516
2010,3.7,2304
1981,7.7,348
2006,7.7,1887
2012,8.2,8033
2012,4.9,16491
,,
2013,6.8,1372
2016,6.2,55
2007,7.6,822
2016,4.5,766
2013,5.9,226
2016,8.7,35059
2008,7.8,4087
2011,6.1,4236
2013,7.2,473
,9.2,83
2015,6.9,2049
1998,8.8,80
2014,9.2,1387
2014,,
2017,,
2000,7.6,3650
,8.4,1791
2002,8.2,3571
2006,6.5,1128
2016,8.6,2517
2003,8.3,6602
2017,,
2015,7.4,5411
2012,8.0,448
2007,7.2,7431
2017,5.2,94
2009,7.5,1370
2016,,
1991,8.2,28576
,7.0,5029
,5.7,9192
2016,7.4,464
2014,6.9,3275
2002,6.0,7517
2013,3.2,8436
2007,6.7,29924
2006,7.9,18793
2010,6.0,14653
2014,6.6,294
2014,7.7,2115
2015,5.7,3489
2003,6.2,1208
2015,4.5,178
2014,7.3,2095
2016,4.5,269
2005,7.2,12134
2013,6.2,199
2010,9.2,745083
2003,7.3,5612
2011,8.8,256672
2008,7.4,3974
2003,7.5,698
2017,,
2017,,
2014,8.4,505
2014,5.8,106
2006,6.8,5181
2015,,
,6.8,88
2002,7.9,4879
2009,3.9,863
2014,3.5,386
2016,9.0,81887
2014,4.2,304
2016,7.1,53215
2014,7.4,350
2017,7.7,782
1989,6.7,356
2010,6.9,2656
2001,6.6,368
2012,,
2014,6.4,3913
1984,8.8,1144
2006,8.0,139
2016,5.1,872
2011,5.4,628
2013,6.2,216
2016,5.1,8510
2012,6.6,2480
2016,7.6,422
,7.2,621
1985,8.5,246
2014,6.6,986
2006,8.4,10722
2011,6.3,3580
1983,9.1,36643
2016,6.8,4104
2016,7.8,240632
2008,8.0,2843
2014,6.4,15742
2009,7.4,1079
2016,7.2,1514
2014,7.6,191919
2007,7.4,595
2010,6.7,2020
2010,5.4,261
2015,6.6,2076
2008,6.0,1814
1984,8.5,1554
2015,6.7,102
,,
1964,8.4,1464
2017,6.0,301
2012,7.4,541
2016,4.2,11286
2011,3.6,4200
2017,6.2,671
2016,7.6,63726
1997,7.1,730
2013,6.6,814
2013,7.7,1489
2017,8.0,3584
1980,8.5,682
,8.3,2146
2002,5.9,10345
,3.4,320
,,
2015,8.5,303
2015,6.5,1240
,,
2013,7.5,294
2015,7.1,217
2015,6.5,966
2009,6.3,28501
2017,6.2,1937
2015,7.5,5552
2014,6.6,3259
2013,3.6,1191
2015,7.3,3533
2010,6.6,101652
2008,6.6,1806
,7.2,1025
2014,7.3,6596
2009,9.2,70033
2010,5.5,92
2015,4.3,1161
1998,7.3,615
2013,8.2,324
2001,6.3,364
2015,6.3,285
2011,6.3,1006
2011,7.9,5427
2017,7.6,1154
2009,6.9,7631
2008,6.1,2814
2011,8.7,13407
1967,6.5,405
2010,8.4,9598
1951,7.1,2507
1965,7.6,2969
2014,3.9,449
2013,8.0,155
2009,6.6,950
2017,8.1,22254
1992,6.6,288
2013,6.8,173
2008,5.2,95843
2007,7.3,8378
2007,8.1,1284
2009,7.0,1040
2011,5.8,192
2004,7.8,10003
2003,8.8,4628
2005,7.4,2298
2008,6.2,4648
,,
,,
2016,5.6,32593
2011,6.6,14942
2000,8.4,3084
2016,5.7,98
2006,8.0,2933
2014,6.7,717
2015,7.1,1713
2006,7.3,9403
2017,4.3,4164
2012,6.8,1791
,5.6,266
1962,8.1,891
2007,8.7,7434
2011,6.7,2820
1995,8.5,270
2016,4.6,4166
2013,6.9,3262
,,
,6.5,644
2010,7.6,2954
2013,4.1,1959
2014,6.5,221
1999,6.7,1925
2006,6.1,5462
2016,5.9,5361
2006,9.0,3835
2012,6.6,2454
2012,7.0,2106
2016,8.6,865
,6.7,2270
1987,6.6,51
2017,,
2014,6.5,2350
1993,8.6,3055
2014,4.8,1129
1989,7.0,130
2010,8.6,2744
2015,6.3,157
2006,6.0,2974
2006,6.3,7003
2014,8.2,4227
2014,4.1,2726
2010,6.8,20506
2015,6.2,2298
2016,5.5,71
2016,8.1,3566
2014,8.2,2220
2016,8.2,432
2017,8.5,490
2006,6.5,4259
2011,5.2,64449
2003,7.3,124
2013,9.0,46744
,5.4,2684
2016,6.3,178
2004,8.1,1340
1998,8.3,2412
2014,6.0,12298
2008,5.1,8884
2003,7.0,2583
2013,8.2,22837
2015,8.7,38392
2011,8.7,22992
1990,8.1,2328
,6.8,493
2006,6.8,3879
2013,4.7,1496
2012,6.5,37348
2013,5.7,843
2010,4.6,1862
2015,4.2,383
2012,7.0,1427
2007,7.7,8214
2017,7.6,105
2012,7.8,14086
2005,6.0,3352
2012,6.7,1647
2017,,
2007,5.6,2208
2016,9.4,81980
2009,7.6,1937
1953,7.7,415
2015,3.2,120
2004,7.6,105
2009,6.1,6224
2013,7.0,776
2012,6.4,6106
2015,4.1,2026
1986,7.7,155
2004,7.7,623
2005,6.8,14366
